strain,dopant,concentration,n_atoms,total_energy,bandgap,mobility,activation_energy,experiment,dopant_encoded,is_B,is_N,is_P,is_pristine,is_mixed,strain_squared,strain_abs
-5.0,pristine,0.05,60,-328.68,1.45,4.0,0.22999999999999998,exp6,0,0,0,0,1,0,25.0,5.0
-5.0,B,0.05,66,-328.28000000000003,1.45,5.5,0.21249999999999997,exp6,1,1,0,0,0,0,25.0,5.0
-5.0,N,0.05,66,-328.93,1.45,5.25,0.21499999999999997,exp6,2,0,1,0,0,0,25.0,5.0
-5.0,P,0.05,66,-328.53000000000003,1.45,4.75,0.21999999999999997,exp6,3,0,0,1,0,0,25.0,5.0
-5.0,B+N,0.05,66,-328.53000000000003,1.45,6.0,0.205,exp6,4,1,1,0,0,1,25.0,5.0
-2.5,pristine,0.05,60,-328.43,1.575,6.0,0.205,exp6,0,0,0,0,1,0,6.25,2.5
-2.5,B,0.05,66,-328.03000000000003,1.575,7.5,0.1875,exp6,1,1,0,0,0,0,6.25,2.5
-2.5,N,0.05,66,-328.68,1.575,7.25,0.19,exp6,2,0,1,0,0,0,6.25,2.5
-2.5,P,0.05,66,-328.28000000000003,1.575,6.75,0.19499999999999998,exp6,3,0,0,1,0,0,6.25,2.5
-2.5,B+N,0.05,66,-328.28000000000003,1.575,8.0,0.18,exp6,4,1,1,0,0,1,6.25,2.5
0.0,pristine,0.05,60,-328.18,1.7,8.0,0.18,exp6,0,0,0,0,1,0,0.0,0.0
0.0,B,0.05,66,-327.78000000000003,1.7,9.5,0.16249999999999998,exp6,1,1,0,0,0,0,0.0,0.0
0.0,N,0.05,66,-328.43,1.7,9.25,0.16499999999999998,exp6,2,0,1,0,0,0,0.0,0.0
0.0,P,0.05,66,-328.03000000000003,1.7,8.75,0.16999999999999998,exp6,3,0,0,1,0,0,0.0,0.0
0.0,B+N,0.05,66,-328.03000000000003,1.7,10.0,0.155,exp6,4,1,1,0,0,1,0.0,0.0
2.5,pristine,0.05,60,-327.93,1.825,10.0,0.155,exp6,0,0,0,0,1,0,6.25,2.5
2.5,B,0.05,66,-327.53000000000003,1.825,11.5,0.1375,exp6,1,1,0,0,0,0,6.25,2.5
2.5,N,0.05,66,-328.18,1.825,11.25,0.14,exp6,2,0,1,0,0,0,6.25,2.5
2.5,P,0.05,66,-327.78000000000003,1.825,10.75,0.145,exp6,3,0,0,1,0,0,6.25,2.5
2.5,B+N,0.05,66,-327.78000000000003,1.825,12.0,0.13,exp6,4,1,1,0,0,1,6.25,2.5
3.0,pristine,0.05,60,-327.88,1.85,10.4,0.15,exp6,0,0,0,0,1,0,9.0,3.0
3.0,B,0.05,66,-327.48,1.85,11.9,0.1325,exp6,1,1,0,0,0,0,9.0,3.0
3.0,N,0.05,66,-328.13,1.85,11.65,0.135,exp6,2,0,1,0,0,0,9.0,3.0
3.0,P,0.05,66,-327.73,1.85,11.15,0.13999999999999999,exp6,3,0,0,1,0,0,9.0,3.0
3.0,B+N,0.05,66,-327.73,1.85,12.4,0.12499999999999999,exp6,4,1,1,0,0,1,9.0,3.0
5.0,pristine,0.05,60,-327.68,1.9499999999999997,12.0,0.13,exp6,0,0,0,0,1,0,25.0,5.0
5.0,B,0.05,66,-327.28000000000003,1.9499999999999997,13.5,0.1125,exp6,1,1,0,0,0,0,25.0,5.0
5.0,N,0.05,66,-327.93,1.9499999999999997,13.25,0.115,exp6,2,0,1,0,0,0,25.0,5.0
5.0,P,0.05,66,-327.53000000000003,1.9499999999999997,12.75,0.12000000000000001,exp6,3,0,0,1,0,0,25.0,5.0
5.0,B+N,0.05,66,-327.53000000000003,1.9499999999999997,14.0,0.105,exp6,4,1,1,0,0,1,25.0,5.0
