n_molecules,dopant,strain_pct,E_00_Ha_per_atom,E_eps0_Ha_per_atom,E_0d_Ha_per_atom,E_epsd_Ha_per_atom,S_meV_per_atom
1,B,3.0,-5.682671337035,-5.6825614149026205,-5.63397657781827,-5.634174469692,-8.376045828083734
1,N,3.0,-5.682671337035,-5.6825614149026205,-5.75328348465483,-5.753089072199,2.299098813278564
1,P,3.0,-5.682671337035,-5.6825614149026205,-5.692230207945723,-5.693292818935,-31.906251664575134
2,B,3.0,-5.681702854852,-5.6817462745260015,-5.6338466633778,-5.63397028026,-2.18227719451483
2,N,3.0,-5.681702854852,-5.6817462745260015,-5.75320075829011,-5.752992449076,6.849892004151322
2,P,3.0,-5.681702854852,-5.6817462745260015,-5.68950020157615,-5.69058312592,-28.286363056694192
4,B,3.0,-5.682820388623,-5.682708174606916,-5.63419065163765,-5.634307376098,-6.229733297605225
4,N,3.0,-5.682820388623,-5.682708174606916,-5.75350958484826,-5.753288909104,2.9513939725683356
4,P,3.0,-5.682820388623,-5.682708174606916,-5.692449741356691,-5.693208990998,-23.71373417320636
6,B,3.0,-5.682851795645,-5.682737949543257,-5.6340195049868695,-5.634190886705,-7.7614443809756155
6,N,3.0,-5.682851795645,-5.682737949543257,-5.7533481234826,-5.753146823132,2.3797513296589474
6,P,3.0,-5.682851795645,-5.682737949543257,-5.691651198426484,-5.692709148199,-31.88619013695087
8,B,3.0,-5.682864567485,-5.682552407877055,-5.63413642563983,-5.634238076953,-11.26036882955446
8,N,3.0,-5.682864567485,-5.682552407877055,-5.75344702008931,-5.753219475579,-2.3024941090457514
8,P,3.0,-5.682864567485,-5.682552407877055,-5.6919097126565585,-5.692697817954,-29.939733311295825
